{"complexities": {"ar": [14.883935014612293, 18.109748764519896,
                         20.71180125885242, 23.379007393388623,
                         26.54418287972887, 29.894704021478766,
                         32.0639344443509, 35.71766435125275, 38.762008440432],
                  "thm1": [13.141663263376639, 15.45978094934409,
                           17.19071850574244, 18.91650740254743,
                           21.458835854508525, 23.850449147977358,
                           24.850067757226196, 27.94563937799677,
                           30.263467319616364],
                  "thm2": [10.679742629906027, 12.000618844137373,
                           13.052166017745288, 14.196715097273858,
                           15.617453748170481, 16.733099031033767,
                           17.447558458465632, 19.076473607759905,
                           20.60038619501944],
                  "thm3": [9.740841112718044, 9.975302977522889,
                           10.245045704362107, 10.709282717227122,
                           11.006265327621435, 10.87383410667551,
                           11.251709265022482, 11.479666274446949,
                           12.214856814276834],
                  "yw": [12.804493472932457, 16.03030722284006,
                         18.632359717172584, 21.299565851708785,
                         24.464741338049034, 27.815262479798932,
                         29.984492902671064, 33.638222809572916,
                         36.682566898752164]},
 "depths": [2, 3, 4, 5, 6, 7, 8, 9, 10],
 "test_loss": [1.4225748444304747, 1.5435653127291624, 1.2649943210622843,
               1.5650378965279634, 2.023574782206732, 1.5688194448457045, 2.6672601257017261,
               2.9214194478731256, 3.1241479112681294],
 "train_loss": [9.83848755413419e-05, 9.556747195347271e-05,
                9.713637863626446e-05, 9.88036568452344e-05,
                9.905272878103944e-05, 9.820342927266523e-05,
                9.797039748661974e-05, 9.934056805377623e-05,
                9.946947433007835e-05]}
