{"complexities": {"ar": [17.18898070393387, 17.873948611073107,
                         18.57269724676528, 19.035866134328604,
                         19.446588224863547, 19.857121260980136,
                         20.375565436207584, 20.80808077264369],
                  "thm1": [14.664306576389484, 15.276362415117765,
                           15.888281052550186, 16.326390766469647,
                           16.742727463151883, 17.12074890366858,
                           17.673279306061527, 18.116854229043263],
                  "thm2": [11.463022115957514, 11.798899219309519,
                           12.125538665402242, 12.473530160904168,
                           12.610891686468694, 13.023732367103111,
                           13.347207703024893, 13.338318162416707],
                  "thm3": [9.643255370372948, 9.759348676154348,
                           9.850929022655306, 10.155461196412105,
                           10.035100331721681, 10.483860529973427,
                           10.647652957191182, 10.285265240678708],
                  "yw": [15.10953916225403, 15.794507069393271,
                         16.493255705085446, 16.956424592648766,
                         17.36714668318371, 17.7776797193003,
                         18.296123894527746, 18.728639230963857]},
 "test_loss": [1.5716441326281603, 1.0905191398718779, 0.9250780085430426,
               0.8573620801462847, 0.7380932880675092, 0.745543793829925,
               0.622597778106437, 0.6305681083570508],
 "train_loss": [0.009388699889095733, 0.009216345087115769,
                0.006024434089467832, 0.008688765394899746,
                0.007803679935950641, 0.007733799483039547,
                0.008345827501898384, 0.00145230519825418],
 "widths": [1, 2, 3, 4, 5, 6, 7, 8]}