{"complexities": {"ar": [15.8573952204832, 16.41340872503143,
                         17.193782569251255, 17.680940700578176,
                         18.04509342411386, 18.576079656263968,
                         19.10102117506223, 19.249953579734797],
                  "thm1": [14.279998301991121, 14.70382953890167,
                           15.416294849699739, 15.938518887005829,
                           16.304864656591395, 16.722262329753406,
                           17.235857047611365, 17.396585973978215],
                  "thm2": [11.322673006816037, 11.484251648551917,
                           11.924341489703231, 12.241220071973771,
                           12.444318773104262, 12.553786637433838,
                           13.020770834298004, 13.036568429857669],
                  "thm3": [9.677546387917088, 9.634034381243183,
                           9.838278263042973, 9.961722170970877,
                           10.04301837995108, 9.94275682317271,
                           10.367643436243542, 10.265587927657592],
                  "yw": [14.706102673986177, 15.262116178534407,
                         16.042490022754233, 16.529648154081155,
                         16.893800877616837, 17.424787109766946,
                         17.949728628565204, 18.098661033237775]},
 "test_loss": [1.2534027013051159, 0.6863303105620777, 0.532785897855373,
               0.526653628453941, 0.4947533839765717, 0.3950600117076486,
               0.37429143072735954, 0.4135819099679151],
 "train_loss": [9.929262507284874e-05, 9.45445570459924e-05,
                9.4421963883633e-05, 9.20497775922513e-05, 8.37444779415364e-05,
                9.111660492237661e-05, 8.943527541077856e-05,
                7.229021481350628e-05],
 "widths": [1, 2, 3, 4, 5, 6, 7, 8]}
