{"complexities": {"ar": [13.591036789383935, 16.506370940578662,
                         18.911425657612234, 22.392723129574605,
                         24.611790746705317, 28.15762646999774,
                         30.27208639448266, 32.22409205864022,
                         35.58001843195291],
                  "thm1": [12.730053910251156, 14.764813785308755,
                           16.245158933698086, 19.090475229907945,
                           20.191755346108163, 22.815779705054776,
                           24.089311763314733, 24.891594706621277,
                           27.667766677809194],
                  "thm2": [10.360250499945943, 11.56697747380261,
                           12.458196327667075, 13.836343134552669,
                           14.677238097195755, 16.435439613808168,
                           17.222780984464084, 17.484433558266847,
                           18.94245831255983],
                  "thm3": [9.366957535596685, 9.692419669409002,
                           9.828242999720509, 9.824903099235538,
                           10.361583276249634, 11.220078028078078,
                           11.488669202537967, 11.180904496579844,
                           11.356588921653405],
                  "yw": [12.439744242886912, 15.355078394081637,
                         17.760133111115213, 21.241430583077584,
                         23.460498200208296, 27.00633392350072,
                         29.120793847985635, 31.072799512143195,
                         34.42872588545588]},
 "depths": [2, 3, 4, 5, 6, 7, 8, 9, 10],
 "test_loss": [0.8627715132692281, 0.754033499294618, 0.7203312339466613,
               0.8585565892212531, 0.806079349192955, 1.1440645662300728,
               1.416979121592115, 1.524871245124118, 1.724677224444569],
 "train_loss": [9.971949770260835e-05, 9.601251892263463e-05,
                9.985449039049854e-05, 9.882294529234059e-05,
                8.889898492860482e-05, 9.986211235627706e-05,
                9.830351759319455e-05, 9.91702136332151e-05,
                9.851623263330112e-05]}
