{"complexities": {"ar": [15.703627940023951, 16.652470036191158,
                         17.506795969577126, 17.658368721952417,
                         18.49880174703031, 19.028323385428834,
                         19.251907125855354, 19.23718390656089],
                  "thm1": [14.092688765271934, 14.984945503804393,
                           15.741220284777295, 15.896185775114775,
                           16.675770278471255, 17.265017343047493,
                           17.421234898925196, 17.397344514527905],
                  "thm2": [11.18767086270146, 11.719083450538191,
                           12.220294024615576, 12.192809101193994,
                           12.574929449648305, 12.94033199641653,
                           13.174683940033438, 13.078995595064242],
                  "thm3": [9.657464266082398, 9.80072714579716,
                           10.076958132470141, 9.898221804308154,
                           10.027861327194524, 10.217728239108956,
                           10.473056313844479, 10.289307001236686],
                  "yw": [14.552335393526928, 15.501177489694134,
                         16.355503423080105, 16.507076175455392,
                         17.347509200533285, 17.877030838931812,
                         18.100614579358332, 18.085891360063865]},
 "test_loss": [1.1083538536639774, 0.771894944466005, 0.636383087889579,
               0.7125165139865075, 0.47818406676762826, 0.4556101206690073,
               0.43715673432726515, 0.46023575150791335],
 "train_loss": [0.00047511071337794417, 7.651502213604999e-05,
                6.859271285463819e-05, 2.468164156894659e-05,
                2.7151362466568683e-05, 1.8637108078065623e-05,
                1.7553966778471873e-05, 1.1708254511688665e-05],
 "widths": [1, 2, 3, 4, 5, 6, 7, 8]}