{"complexities": {"ar": [13.54533989520195, 16.576571693923235,
                         19.370559059573065, 22.18412513954671,
                         25.50448604064294, 27.629223548075476,
                         30.40957383476457, 32.72219939051578,
                         35.2943243082766],
                  "thm1": [12.701011476385078, 14.848103959940849,
                           16.772870482334426, 18.713552075957494,
                           21.31232769104379, 22.435194492792633,
                           24.49129432476171, 25.46828797653393,
                           27.541997191300975],
                  "thm2": [10.372056095316509, 11.577569040996847,
                           12.682489502191173, 13.772452079591286,
                           15.116048187336817, 15.773155563528825,
                           17.147931704164236, 17.47320505548822,
                           18.310524664883904],
                  "thm3": [9.496852350119417, 9.667075818791917,
                           9.848379012788234, 10.062759901730509,
                           10.215337143597358, 10.278287978382222,
                           10.997250588754023, 10.599508380141685,
                           10.24802466575163],
                  "yw": [12.394047348704929, 15.425279147426211,
                         18.219266513076043, 21.032832593049683,
                         24.353193494145916, 26.477931001578455,
                         29.258281288267543, 31.570906844018758,
                         34.143031761779575]},
 "depths": [2, 3, 4, 5, 6, 7, 8, 9, 10],
 "test_loss": [0.7500076587585842, 0.7699291332321403, 0.7247827598715529,
               0.747379611739341, 0.7230073930635733, 0.7857424330671646,
               0.916858979884316, 0.8369855832527665, 0.7375865650965887],
 "train_loss": [0.000127909506782089, 7.012487785800658e-05,
                6.968271228402045e-05, 0.00013321095887135925,
                0.0005489308958726724, 0.002338300773099036,
                0.07831425162497908, 0.08590932853985578, 0.05694294143468141]}